{"cameraMode":{"drawMode":0,"name":"Shaded","section":"Shading Mode"},"sceneLighting":false,"audioPlay":false,"sceneViewState":{"m_AlwaysRefresh":false,"showFog":true,"showSkybox":false,"showFlares":true,"showImageEffects":true,"showParticleSystems":true,"showVisualEffectGraphs":true,"m_FxEnabled":true},"in2DMode":false,"pivot":{"x":5.960464477539063e-8,"y":0.11999999731779099,"z":-1.1920928955078126e-7},"rotation":{"x":0.17300912737846375,"y":-0.1852879673242569,"z":0.03299526125192642,"w":0.9670195579528809},"size":0.4542877674102783,"orthographic":false}