{"cameraMode":{"drawMode":0,"name":"Shaded","section":"Shading Mode"},"sceneLighting":false,"audioPlay":false,"sceneViewState":{"m_AlwaysRefresh":false,"showFog":true,"showSkybox":false,"showFlares":true,"showImageEffects":true,"showParticleSystems":true,"showVisualEffectGraphs":true,"m_FxEnabled":true},"in2DMode":false,"pivot":{"x":-0.0023179054260253908,"y":0.5629542469978333,"z":0.0024187564849853517},"rotation":{"x":0.17300912737846375,"y":-0.1852879673242569,"z":0.03299526125192642,"w":0.9670195579528809},"size":4.630972385406494,"orthographic":false}