{"cameraMode":{"drawMode":0,"name":"Shaded","section":"Shading Mode"},"sceneLighting":false,"audioPlay":false,"sceneViewState":{"m_AlwaysRefresh":false,"showFog":true,"showSkybox":false,"showFlares":true,"showImageEffects":true,"showParticleSystems":true,"showVisualEffectGraphs":true,"m_FxEnabled":true},"in2DMode":false,"pivot":{"x":0.9657466411590576,"y":1.268761396408081,"z":-0.8827126026153565},"rotation":{"x":0.03496766462922096,"y":-0.9605118036270142,"z":0.13983385264873506,"w":0.23901356756687165},"size":1.3415454626083375,"orthographic":false}