{"cameraMode":{"drawMode":0,"name":"Shaded","section":"Shading Mode"},"sceneLighting":false,"audioPlay":false,"sceneViewState":{"m_AlwaysRefresh":false,"showFog":true,"showSkybox":false,"showFlares":true,"showImageEffects":true,"showParticleSystems":true,"showVisualEffectGraphs":true,"m_FxEnabled":true},"in2DMode":false,"pivot":{"x":-0.0005029439926147461,"y":0.30900001525878909,"z":-0.003959864377975464},"rotation":{"x":0.49563997983932497,"y":0.2135104387998581,"z":-0.12724703550338746,"w":0.832538366317749},"size":0.6344114542007446,"orthographic":false}