{"cameraMode":{"drawMode":0,"name":"Shaded","section":"Shading Mode"},"sceneLighting":false,"audioPlay":false,"sceneViewState":{"m_AlwaysRefresh":false,"showFog":true,"showSkybox":false,"showFlares":true,"showImageEffects":true,"showParticleSystems":true,"showVisualEffectGraphs":true,"m_FxEnabled":true},"in2DMode":false,"pivot":{"x":-154.72117614746095,"y":0.3516461253166199,"z":18.022451400756837},"rotation":{"x":-0.2345239371061325,"y":-0.28570759296417239,"z":0.07294812053442002,"w":-0.9269005656242371},"size":0.4550042748451233,"orthographic":false}