{"cameraMode":{"drawMode":0,"name":"Shaded","section":"Shading Mode"},"sceneLighting":false,"audioPlay":false,"sceneViewState":{"m_AlwaysRefresh":false,"showFog":true,"showSkybox":false,"showFlares":true,"showImageEffects":true,"showParticleSystems":true,"showVisualEffectGraphs":true,"m_FxEnabled":true},"in2DMode":false,"pivot":{"x":0.014999866485595703,"y":-0.26647889614105227,"z":24.76144790649414},"rotation":{"x":0.10093800723552704,"y":-0.7469271421432495,"z":0.11585746705532074,"w":0.6475375890731812},"size":29.219308853149415,"orthographic":false}